{"cameraMode":{"drawMode":0,"name":"Shaded","section":"Shading Mode"},"sceneLighting":true,"audioPlay":false,"sceneViewState":{"m_AlwaysRefresh":false,"showFog":true,"showSkybox":true,"showFlares":true,"showImageEffects":true,"showParticleSystems":true,"showVisualEffectGraphs":true,"m_FxEnabled":true},"in2DMode":false,"pivot":{"x":9.537642478942871,"y":2.0925211906433107,"z":-13.497669219970704},"rotation":{"x":-0.01855236478149891,"y":0.6948968768119812,"z":-0.01793864741921425,"w":-0.7186487913131714},"size":0.5598214268684387,"orthographic":false}