{"cameraMode":{"drawMode":0,"name":"Shaded","section":"Shading Mode"},"sceneLighting":true,"audioPlay":false,"sceneViewState":{"m_AlwaysRefresh":false,"showFog":true,"showSkybox":true,"showFlares":true,"showImageEffects":true,"showParticleSystems":true,"showVisualEffectGraphs":true,"m_FxEnabled":true},"in2DMode":false,"pivot":{"x":4.000768661499023,"y":-28.903352737426759,"z":64.77935028076172},"rotation":{"x":0.1954881250858307,"y":0.023220837116241456,"z":-0.0046290806494653229,"w":0.980427086353302},"size":50.26197052001953,"orthographic":false}