{"cameraMode":{"drawMode":0,"name":"Shaded","section":"Shading Mode"},"sceneLighting":true,"audioPlay":false,"sceneViewState":{"m_AlwaysRefresh":false,"showFog":true,"showSkybox":true,"showFlares":true,"showImageEffects":true,"showParticleSystems":true,"showVisualEffectGraphs":true,"m_FxEnabled":true},"in2DMode":false,"pivot":{"x":-54.12410354614258,"y":-318.77264404296877,"z":557.5372924804688},"rotation":{"x":0.24070504307746888,"y":-0.04075586050748825,"z":0.010114573873579502,"w":0.9696941375732422},"size":352.46209716796877,"orthographic":false}