{"cameraMode":{"drawMode":0,"name":"Shaded","section":"Shading Mode"},"sceneLighting":true,"audioPlay":false,"sceneViewState":{"m_AlwaysRefresh":false,"showFog":true,"showSkybox":true,"showFlares":true,"showImageEffects":true,"showParticleSystems":true,"showVisualEffectGraphs":true,"m_FxEnabled":true},"in2DMode":false,"pivot":{"x":6.172904014587402,"y":-670.4655151367188,"z":604.6077880859375},"rotation":{"x":0.39015838503837588,"y":-0.0028508941177278759,"z":0.0011762954527512193,"w":0.9207531213760376},"size":478.294189453125,"orthographic":false}