{"cameraMode":{"drawMode":0,"name":"Shaded","section":"Shading Mode"},"sceneLighting":true,"audioPlay":false,"sceneViewState":{"m_AlwaysRefresh":false,"showFog":true,"showSkybox":true,"showFlares":true,"showImageEffects":true,"showParticleSystems":true,"showVisualEffectGraphs":true,"m_FxEnabled":true},"in2DMode":false,"pivot":{"x":400.4039001464844,"y":-138.02127075195313,"z":172.0481414794922},"rotation":{"x":0.13218186795711518,"y":0.5341683030128479,"z":-0.08500434458255768,"w":0.8306398987770081},"size":251.80613708496095,"orthographic":false}