{"cameraMode":{"drawMode":0,"name":"Shaded","section":"Shading Mode"},"sceneLighting":true,"audioPlay":false,"sceneViewState":{"m_AlwaysRefresh":false,"showFog":true,"showSkybox":true,"showFlares":true,"showImageEffects":true,"showParticleSystems":true,"showVisualEffectGraphs":true,"m_FxEnabled":true},"in2DMode":false,"pivot":{"x":613.1030883789063,"y":16.023601531982423,"z":-312.9538879394531},"rotation":{"x":-0.003877790877595544,"y":0.8433406949043274,"z":0.006054864730685949,"w":0.5373479723930359},"size":352.46209716796877,"orthographic":false}