{"cameraMode":{"drawMode":0,"name":"Shaded","section":"Shading Mode"},"sceneLighting":true,"audioPlay":false,"sceneViewState":{"m_AlwaysRefresh":false,"showFog":true,"showSkybox":true,"showFlares":true,"showImageEffects":true,"showParticleSystems":true,"showVisualEffectGraphs":true,"m_FxEnabled":true},"in2DMode":false,"pivot":{"x":-1.359059453010559,"y":3.6515426635742189,"z":-20.189193725585939},"rotation":{"x":0.058460015803575519,"y":0.10156271606683731,"z":-0.006012627389281988,"w":0.9931038022041321},"size":1.0024968385696412,"orthographic":false}